8;8;1;16;copy;1647678692.911865;270.592927;11462991624
8;8;1;16;indexes;1647678963.511530;289.556793;3348558648
8;8;1;16;pkey;1647679253.077872;62.054533;1771230832
8;8;1;16;fkey;1647679315.138364;65.837202;35616
8;8;1;16;analyze;1647679380.982127;21.961715;69512408
32;8;1;16;copy;1647681793.860229;268.989773;11394925504
32;8;1;16;indexes;1647682062.865461;282.782157;3305070992
32;8;1;16;pkey;1647682345.660482;51.610600;1744631008
32;8;1;16;fkey;1647682397.279443;211.541139;34872
32;8;1;16;analyze;1647682608.836580;12.077248;8400096
1;8;1;16;copy;1647706615.669445;309.338358;12364966016
1;8;1;16;indexes;1647706925.015794;342.121806;4073456584
1;8;1;16;pkey;1647707267.147422;86.539147;2019575552
1;8;1;16;fkey;1647707353.692903;94.104187;45392
1;8;1;16;analyze;1647707447.803999;43.491012;638647072
4;64;1;16;copy;1647710098.092652;275.607567;11566773840
4;64;1;16;indexes;1647710373.708135;290.130652;3414885464
4;64;1;16;pkey;1647710663.851332;66.759409;1805170688
4;64;1;16;fkey;1647710730.616631;69.278356;37976
4;64;1;16;analyze;1647710799.901695;22.832654;138763464
32;1;1;16;copy;1647713084.621560;280.422439;11634219024
32;1;1;16;indexes;1647713365.057873;286.664707;3364461616
32;1;1;16;pkey;1647713651.728785;55.675886;1786120552
32;1;1;16;fkey;1647713707.413357;276.288685;2522488
32;1;1;16;analyze;1647713983.716807;16.621438;11252320
4;1;1;16;copy;1647737868.263637;287.480988;11840039208
4;1;1;16;indexes;1647738155.752762;295.174606;3495562304
4;1;1;16;pkey;1647738450.938759;67.050537;1840379952
4;1;1;16;fkey;1647738517.995162;69.548998;38864
4;1;1;16;analyze;1647738587.550860;24.032928;149479704
1;4;1;16;copy;1647740884.609711;312.542959;12403530480
1;4;1;16;indexes;1647741197.160767;346.973143;4083336104
1;4;1;16;pkey;1647741544.141543;87.996320;2025527144
1;4;1;16;fkey;1647741632.143949;96.656433;3498792
1;4;1;16;analyze;1647741728.807095;44.233721;637076856
1;16;1;16;copy;1647744402.687318;312.178909;12348547416
1;16;1;16;indexes;1647744714.874052;345.460093;4065760728
1;16;1;16;pkey;1647745060.344549;86.413537;2016612848
1;16;1;16;fkey;1647745146.764316;95.896139;1260216
1;16;1;16;analyze;1647745242.667330;43.833914;636495976
16;64;1;16;copy;1647747896.471117;268.119294;11378964216
16;64;1;16;indexes;1647748164.597957;280.486030;3315052200
16;64;1;16;pkey;1647748445.095305;57.731982;1747987312
16;64;1;16;fkey;1647748502.833332;65.966680;35272
16;64;1;16;analyze;1647748568.806619;17.026251;24909272
1;32;1;16;copy;1647751258.568226;312.364364;12339733128
1;32;1;16;indexes;1647751570.940350;344.389841;4062543744
1;32;1;16;pkey;1647751915.340169;86.232992;2015134800
1;32;1;16;fkey;1647752001.579406;94.545627;45272
1;32;1;16;analyze;1647752096.131863;44.609457;637244328
4;8;1;16;copy;1647754749.066641;276.655998;11596512168
4;8;1;16;indexes;1647755025.729971;288.580567;3423665168
4;8;1;16;pkey;1647755314.322054;67.007539;1809422064
4;8;1;16;fkey;1647755381.335502;69.268498;38072
4;8;1;16;analyze;1647755450.611491;22.651239;139510320
32;32;1;16;copy;1647757752.528989;271.795807;11369870304
32;32;1;16;indexes;1647758024.338739;285.077338;3288015200
32;32;1;16;pkey;1647758309.422221;52.478247;1740794736
32;32;1;16;fkey;1647758361.906437;7087.077639;35032
32;32;1;16;analyze;1647765448.999491;22.292926;18174744
2;4;1;16;copy;1647789432.398684;292.509892;11899470576
2;4;1;16;indexes;1647789724.915946;303.052638;3589996096
2;4;1;16;pkey;1647790027.981196;73.404608;1876890032
2;4;1;16;fkey;1647790101.391889;77.494209;38472
2;4;1;16;analyze;1647790178.892930;30.785575;297678808
4;2;1;16;copy;1647792443.705923;278.175170;11699643416
4;2;1;16;indexes;1647792721.889296;289.148879;3454112824
4;2;1;16;pkey;1647793011.048581;68.418651;1827321616
4;2;1;16;fkey;1647793079.473247;69.530852;38384
4;2;1;16;analyze;1647793149.010788;22.214778;138943464
16;32;1;16;copy;1647795446.453637;269.374448;11383134128
16;32;1;16;indexes;1647795715.835083;277.006844;3316563024
16;32;1;16;pkey;1647795992.853354;56.464822;1748627896
16;32;1;16;fkey;1647796049.324304;63.750614;35296
16;32;1;16;analyze;1647796113.082481;16.872827;24619320
4;16;1;16;copy;1647798795.842576;276.782888;11579500496
4;16;1;16;indexes;1647799072.632403;285.395047;3418642664
4;16;1;16;pkey;1647799358.036370;66.347600;1805246272
4;16;1;16;fkey;1647799424.390128;71.422805;2908456
4;16;1;16;analyze;1647799495.819619;22.296322;137957536
2;1;1;16;copy;1647801776.727026;294.932084;12115338216
2;1;1;16;indexes;1647802071.666459;301.856771;3652939512
2;1;1;16;pkey;1647802373.534583;74.880562;1910674184
2;1;1;16;fkey;1647802448.421141;77.428051;39136
2;1;1;16;analyze;1647802525.855923;30.440501;303036384
32;16;1;16;copy;1647804798.821787;268.546149;11378204280
32;16;1;16;indexes;1647805067.382533;282.763979;3300393392
32;16;1;16;pkey;1647805350.158349;51.970596;1742071648
32;16;1;16;fkey;1647805402.135092;206.314552;34824
32;16;1;16;analyze;1647805608.464830;11.552671;8216160
1;1;1;16;copy;1647829740.775140;317.938916;12630270656
1;1;1;16;indexes;1647830058.721974;346.437121;4166203784
1;1;1;16;pkey;1647830405.168596;89.554920;2061986800
1;1;1;16;fkey;1647830494.729773;94.396890;46328
1;1;1;16;analyze;1647830589.133616;43.965918;639216016
8;32;1;16;copy;1647833247.302808;274.343803;11437785928
8;32;1;16;indexes;1647833521.653380;290.978100;3341195448
8;32;1;16;pkey;1647833812.641668;63.544883;1770211952
8;32;1;16;fkey;1647833876.193420;66.150011;2603752
8;32;1;16;analyze;1647833942.351197;19.559815;63916144
1;2;1;16;copy;1647836331.142162;313.486380;12477624056
1;2;1;16;indexes;1647836644.636421;347.261329;4106990376
1;2;1;16;pkey;1647836991.907529;89.310282;2037536248
1;2;1;16;fkey;1647837081.224560;94.707831;5176104
1;2;1;16;analyze;1647837175.939785;43.740848;639196304
2;16;1;16;copy;1647839831.601172;291.541261;11846190432
2;16;1;16;indexes;1647840123.149716;307.376193;3575107744
2;16;1;16;pkey;1647840430.536289;72.758342;1868629896
2;16;1;16;fkey;1647840503.300583;78.291784;38248
2;16;1;16;analyze;1647840581.599056;30.635636;296368512
4;32;1;16;copy;1647842855.085741;278.011860;11571013400
4;32;1;16;indexes;1647843133.104761;286.400907;3416136944
4;32;1;16;pkey;1647843419.515127;66.196474;1804933336
4;32;1;16;fkey;1647843485.717564;69.190960;37976
4;32;1;16;analyze;1647843554.915087;22.132537;139714224
2;64;1;16;copy;1647845855.459212;290.510991;11832803632
2;64;1;16;indexes;1647846145.977509;297.915586;3571546120
2;64;1;16;pkey;1647846443.903574;72.495311;1866576192
2;64;1;16;fkey;1647846516.404815;77.625478;38256
2;64;1;16;analyze;1647846594.037006;29.002624;296042568
2;8;1;16;copy;1647848861.457978;290.638461;11863295072
2;8;1;16;indexes;1647849152.104120;300.539203;3580659400
2;8;1;16;pkey;1647849452.654738;72.418406;1871375280
2;8;1;16;fkey;1647849525.079383;77.846376;38320
2;8;1;16;analyze;1647849602.932511;29.094077;296804248
8;1;1;16;copy;1647851866.848254;288.461828;11703714136
8;1;1;16;indexes;1647852155.317060;299.915899;3418878320
8;1;1;16;pkey;1647852455.242109;62.840285;1805394736
8;1;1;16;fkey;1647852518.088241;65.652027;36360
8;1;1;16;analyze;1647852583.746859;21.390659;74004600
32;64;1;16;copy;1647854988.492429;263.489909;11365704504
32;64;1;16;indexes;1647855251.996081;289.313687;3294256056
32;64;1;16;pkey;1647855541.321156;52.591968;1740157016
32;64;1;16;fkey;1647855593.919086;275.188363;34856
32;64;1;16;analyze;1647855869.123368;17.599204;10722768
4;4;1;16;copy;1647880093.840445;275.420588;11630686840
4;4;1;16;indexes;1647880369.269411;283.839030;3433754568
4;4;1;16;pkey;1647880653.119759;67.417203;1811223720
4;4;1;16;fkey;1647880720.542849;70.796663;1743088
4;4;1;16;analyze;1647880791.346292;23.173010;141748232
16;2;1;16;copy;1647883096.120310;281.033306;11509676592
16;2;1;16;indexes;1647883377.160663;282.049704;3341832320
16;2;1;16;pkey;1647883659.222207;59.579030;1772118512
16;2;1;16;fkey;1647883718.807186;64.756178;35704
16;2;1;16;analyze;1647883783.570069;20.331919;32444288
2;32;1;16;copy;1647886463.823019;291.538390;11837472336
2;32;1;16;indexes;1647886755.373455;306.811135;3572522592
2;32;1;16;pkey;1647887062.194792;72.779681;1867260256
2;32;1;16;fkey;1647887134.980572;78.257209;38224
2;32;1;16;analyze;1647887213.244477;31.413402;296151152
8;2;1;16;copy;1647889513.675957;284.062799;11564935648
8;2;1;16;indexes;1647889797.745591;294.902197;3383736128
8;2;1;16;pkey;1647890092.656354;63.072472;1784632456
8;2;1;16;fkey;1647890155.734702;65.594681;35952
8;2;1;16;analyze;1647890221.336774;20.205281;67083040
2;2;1;16;copy;1647892627.742993;292.927738;11970286968
2;2;1;16;indexes;1647892920.679263;302.489622;3611014872
2;2;1;16;pkey;1647893223.179170;73.047980;1888017960
2;2;1;16;fkey;1647893296.233213;77.675529;38656
2;2;1;16;analyze;1647893373.915520;29.758266;299443304
16;1;1;16;copy;1647895676.922506;280.657085;11647792528
16;1;1;16;indexes;1647895957.587969;284.401157;3381934352
16;1;1;16;pkey;1647896241.999569;59.658120;1794335480
16;1;1;16;fkey;1647896301.665961;64.900067;746656
16;1;1;16;analyze;1647896366.573197;18.363879;31169480
16;4;1;16;copy;1647899036.345058;273.885133;11441840096
16;4;1;16;indexes;1647899310.237227;277.666791;3322135864
16;4;1;16;pkey;1647899587.915345;57.421441;1757645856
16;4;1;16;fkey;1647899645.342752;64.768860;35488
16;4;1;16;analyze;1647899710.118321;21.338139;36280688
16;8;1;16;copy;1647902402.515733;268.736621;11408219504
16;8;1;16;indexes;1647902671.259304;273.318668;3323816712
16;8;1;16;pkey;1647902944.589521;56.373189;1752481376
16;8;1;16;fkey;1647903000.969642;64.738746;35368
16;8;1;16;analyze;1647903065.715091;17.243944;24731440
8;4;1;16;copy;1647905738.905693;272.734770;11496772496
8;4;1;16;indexes;1647906011.647425;290.128401;3358426576
8;4;1;16;pkey;1647906301.787779;62.734817;1777990096
8;4;1;16;fkey;1647906364.528488;66.122169;35656
8;4;1;16;analyze;1647906430.657484;21.136068;68177560
8;16;1;16;copy;1647908829.577470;275.060029;11446175352
8;16;1;16;indexes;1647909104.645881;289.054718;3343646312
8;16;1;16;pkey;1647909393.710808;63.552895;1771098592
8;16;1;16;fkey;1647909457.270058;66.795057;1888096
8;16;1;16;analyze;1647909524.072620;19.542902;65093368
1;64;1;16;copy;1647911915.741783;312.810297;12335180568
1;64;1;16;indexes;1647912228.559819;344.241513;4061087552
1;64;1;16;pkey;1647912572.811770;87.954237;2014396520
1;64;1;16;fkey;1647912660.772288;95.373530;1730544
1;64;1;16;analyze;1647912756.152838;44.832732;635324968
8;64;1;16;copy;1647915406.843554;270.010570;11433595464
8;64;1;16;indexes;1647915676.861153;279.036279;3339971424
8;64;1;16;pkey;1647915955.908417;60.764295;1763726760
8;64;1;16;fkey;1647916016.678701;65.577074;35520
8;64;1;16;analyze;1647916082.262447;21.699597;72295864
32;4;1;16;copy;1647918480.418873;273.868300;11428501352
32;4;1;16;indexes;1647918754.305848;279.535333;3304972160
32;4;1;16;pkey;1647919033.847412;52.365385;1749772368
32;4;1;16;fkey;1647919086.219482;7080.112588;35256
32;4;1;16;analyze;1647926166.347364;23.098578;18262696
16;16;1;16;copy;1647950068.182437;267.330545;11391483800
16;16;1;16;indexes;1647950335.520399;276.505645;3318254056
16;16;1;16;pkey;1647950612.035885;57.053782;1749910504
16;16;1;16;fkey;1647950669.095601;63.938150;35320
16;16;1;16;analyze;1647950733.040445;16.386713;25382160
32;2;1;16;copy;1647953407.516019;275.695642;11496259168
32;2;1;16;indexes;1647953683.226465;285.951823;3324566752
32;2;1;16;pkey;1647953969.184476;54.664071;1762694872
32;2;1;16;fkey;1647954023.854637;3629.573581;35552
32;2;1;16;analyze;1647957653.444322;19.894377;15828944
8;8;1;1;copy;1647981601.086660;329.156929;11463156304
8;8;1;1;indexes;1647981930.250538;311.569706;3368387344
8;8;1;1;pkey;1647982241.830478;68.630133;1768896888
8;8;1;1;fkey;1647982310.469568;65.384173;35640
8;8;1;1;analyze;1647982375.861492;18.018253;52083616
32;8;1;1;copy;1647984752.615768;319.575948;11395084984
32;8;1;1;indexes;1647985072.207040;296.541718;3300756544
32;8;1;1;pkey;1647985368.758272;59.703840;1745492064
32;8;1;1;fkey;1647985428.470768;306.687269;35160
32;8;1;1;analyze;1647985735.174938;17.783383;11926864
1;8;1;1;copy;1648009871.601428;382.310612;12377792392
1;8;1;1;indexes;1648010253.921493;365.597982;4074555840
1;8;1;1;pkey;1648010619.531211;96.262290;2031565144
1;8;1;1;fkey;1648010715.800184;94.491904;45424
1;8;1;1;analyze;1648010810.299683;49.530747;613008320
4;64;1;1;copy;1648013484.188818;328.672880;11566939792
4;64;1;1;indexes;1648013812.870997;313.989060;3428871128
4;64;1;1;pkey;1648014126.870897;71.295453;1797930256
4;64;1;1;fkey;1648014198.172342;71.372762;37952
4;64;1;1;analyze;1648014269.551913;22.988572;132096072
32;1;1;1;copy;1648016570.864155;329.550298;11634384920
32;1;1;1;indexes;1648016900.429182;300.862346;3375081528
32;1;1;1;pkey;1648017201.307560;61.778033;1781841744
32;1;1;1;fkey;1648017263.091912;163.611447;35672
32;1;1;1;analyze;1648017426.718936;10.140038;7474328
4;1;1;1;copy;1648041406.092299;342.185013;11840213232
4;1;1;1;indexes;1648041748.287029;313.437567;3495613632
4;1;1;1;pkey;1648042061.735460;73.831278;1840407024
4;1;1;1;fkey;1648042135.572690;69.124971;38864
4;1;1;1;analyze;1648042204.704411;25.386484;149481088
1;4;1;1;copy;1648044518.994376;382.632851;12413885800
1;4;1;1;indexes;1648044901.634927;370.484181;4088830504
1;4;1;1;pkey;1648045272.129913;96.762730;2026205128
1;4;1;1;fkey;1648045368.898971;95.219471;45592
1;4;1;1;analyze;1648045464.125322;49.395150;624277632
1;16;1;1;copy;1648048154.242668;384.258292;12362640312
1;16;1;1;indexes;1648048538.508819;367.468953;4067156512
1;16;1;1;pkey;1648048905.988937;94.240732;2017293248
1;16;1;1;fkey;1648049000.235768;93.953893;45320
1;16;1;1;analyze;1648049094.196505;48.796624;621814528
16;64;1;1;copy;1648051764.255099;310.717897;11379128024
16;64;1;1;indexes;1648052074.988082;301.232982;3305838736
16;64;1;1;pkey;1648052376.227183;62.754786;1748012320
16;64;1;1;fkey;1648052438.990894;64.889964;35272
16;64;1;1;analyze;1648052503.887532;20.895558;34170064
1;32;1;1;copy;1648055219.067546;382.622775;12356601952
1;32;1;1;indexes;1648055601.698152;368.319439;4060351392
1;32;1;1;pkey;1648055970.028525;94.414443;2015811984
1;32;1;1;fkey;1648056064.449218;93.843631;45272
1;32;1;1;analyze;1648056158.299737;49.657455;622163312
4;8;1;1;copy;1648058824.367047;333.534477;11596679080
4;8;1;1;indexes;1648059157.909855;310.384824;3423714408
4;8;1;1;pkey;1648059468.304079;71.292230;1802552816
4;8;1;1;fkey;1648059539.602313;69.489312;38072
4;8;1;1;analyze;1648059609.098194;25.177958;146407568
32;32;1;1;copy;1648061917.873404;314.637392;11370032280
32;32;1;1;indexes;1648062232.525149;294.974642;3291515920
32;32;1;1;pkey;1648062527.509619;57.433746;1740819704
32;32;1;1;fkey;1648062584.950461;2377.477798;35144
32;32;1;1;analyze;1648064962.443901;18.754902;14721560
2;4;1;1;copy;1648088910.789915;346.879507;11897619632
2;4;1;1;indexes;1648089257.677549;322.684863;3592070720
2;4;1;1;pkey;1648089580.372638;79.652676;1876917144
2;4;1;1;fkey;1648089660.031372;79.280467;4156312
2;4;1;1;analyze;1648089739.318598;31.850821;293564664
4;2;1;1;copy;1648092009.107650;341.814246;11699813488
4;2;1;1;indexes;1648092350.929025;311.785892;3454163016
4;2;1;1;pkey;1648092662.725301;72.499599;1818583688
4;2;1;1;fkey;1648092735.230765;69.600340;38384
4;2;1;1;analyze;1648092804.837740;25.668084;147710456
16;32;1;1;copy;1648095123.046150;317.626450;11383297520
16;32;1;1;indexes;1648095440.686981;295.284271;3310513680
16;32;1;1;pkey;1648095735.977409;62.295224;1748652816
16;32;1;1;fkey;1648095798.278590;64.112392;35296
16;32;1;1;analyze;1648095862.397750;19.810744;30718952
4;16;1;1;copy;1648098525.601564;330.345133;11579666440
4;16;1;1;indexes;1648098855.954633;308.704668;3424065184
4;16;1;1;pkey;1648099164.669619;73.095977;1800546040
4;16;1;1;fkey;1648099237.771773;69.100493;38000
4;16;1;1;analyze;1648099306.878937;24.246280;140182144
2;1;1;1;copy;1648101610.538977;363.605662;12117608008
2;1;1;1;indexes;1648101974.152050;325.018840;3650900656
2;1;1;1;pkey;1648102299.181819;82.808795;1921784408
2;1;1;1;fkey;1648102381.996768;77.726245;39112
2;1;1;1;analyze;1648102459.729778;32.785126;291958824
32;16;1;1;copy;1648104768.633912;322.676773;11378372768
32;16;1;1;indexes;1648105091.323825;295.726371;3297258336
32;16;1;1;pkey;1648105387.060499;60.821709;1743570176
32;16;1;1;fkey;1648105447.890995;233.485106;653088
32;16;1;1;analyze;1648105681.393037;14.234747;9313800
1;1;1;1;copy;1648129690.297846;393.495489;12640430432
1;1;1;1;indexes;1648130083.803058;371.790525;4143446648
1;1;1;1;pkey;1648130455.603995;97.604879;2062016880
1;1;1;1;fkey;1648130553.214903;94.391112;46480
1;1;1;1;analyze;1648130647.612876;52.279003;652068200
8;32;1;1;copy;1648133320.844825;320.822799;11437949448
8;32;1;1;indexes;1648133641.675636;311.116009;3350487552
8;32;1;1;pkey;1648133952.802027;67.749967;1765024232
8;32;1;1;fkey;1648134020.557815;65.514738;35544
8;32;1;1;analyze;1648134086.079360;19.835403;62453920
1;2;1;1;copy;1648136478.276104;388.156546;12488803016
1;2;1;1;indexes;1648136866.440468;371.069039;4117439368
1;2;1;1;pkey;1648137237.520561;98.275893;2038222608
1;2;1;1;fkey;1648137335.802596;95.070188;45856
1;2;1;1;analyze;1648137430.879676;49.055554;622292624
2;16;1;1;copy;1648140108.696767;349.222997;11846731656
2;16;1;1;indexes;1648140457.927083;328.556915;3574788384
2;16;1;1;pkey;1648140786.494361;80.564270;1873125896
2;16;1;1;fkey;1648140867.064600;79.165250;38272
2;16;1;1;analyze;1648140946.236547;32.145653;291904208
4;32;1;1;copy;1648143274.995659;323.661441;11571178880
4;32;1;1;indexes;1648143598.663944;309.026127;3428346472
4;32;1;1;pkey;1648143907.701362;71.498825;1799224688
4;32;1;1;fkey;1648143979.206009;69.550900;37992
4;32;1;1;analyze;1648144048.763620;22.881917;133290528
2;64;1;1;copy;1648146346.690360;342.555425;11835340352
2;64;1;1;indexes;1648146689.265660;317.353929;3569229632
2;64;1;1;pkey;1648147006.630032;78.537411;1866602896
2;64;1;1;fkey;1648147085.173587;77.293194;38280
2;64;1;1;analyze;1648147162.473515;32.587202;296047072
2;8;1;1;copy;1648149440.147808;349.217764;11864352064
2;8;1;1;indexes;1648149789.376405;323.085704;3579824128
2;8;1;1;pkey;1648150112.471910;80.844593;1872782872
2;8;1;1;fkey;1648150193.322463;77.809530;38320
2;8;1;1;analyze;1648150271.138710;33.140420;295427584
8;1;1;1;copy;1648152538.822753;342.580733;11703886584
8;1;1;1;indexes;1648152881.411744;314.139361;3418928624
8;1;1;1;pkey;1648153195.561626;69.340279;1805421296
8;1;1;1;fkey;1648153264.907903;66.243655;36360
8;1;1;1;analyze;1648153331.158192;22.432966;74005360
32;64;1;1;copy;1648155724.709786;312.803217;11365862280
32;64;1;1;indexes;1648156037.527289;303.779406;3288959152
32;64;1;1;pkey;1648156341.312728;60.033734;1741072176
32;64;1;1;fkey;1648156401.352489;3033.247156;35064
32;64;1;1;analyze;1648159434.614632;19.634660;15177488
4;4;1;1;copy;1648183505.104453;328.872589;11630854856
4;4;1;1;indexes;1648183833.984809;304.836158;3450021168
4;4;1;1;pkey;1648184138.830892;72.744497;1808503888
4;4;1;1;fkey;1648184211.581242;69.063476;38168
4;4;1;1;analyze;1648184280.651382;22.262762;129982656
16;2;1;1;copy;1648186566.702213;321.515615;11509843624
16;2;1;1;indexes;1648186888.232770;295.924094;3349785904
16;2;1;1;pkey;1648187184.167844;64.829100;1769581128
16;2;1;1;fkey;1648187249.003015;64.351153;35680
16;2;1;1;analyze;1648187313.360802;18.777738;27102976
2;32;1;1;copy;1648189990.761438;345.446156;11839785160
2;32;1;1;indexes;1648190336.214886;328.795603;3570430704
2;32;1;1;pkey;1648190665.020565;79.759102;1869677880
2;32;1;1;fkey;1648190744.785656;78.465892;38224
2;32;1;1;analyze;1648190823.258370;32.393714;293764048
8;2;1;1;copy;1648193118.948629;332.593317;11565103112
8;2;1;1;indexes;1648193451.549017;311.553946;3378387320
8;2;1;1;pkey;1648193763.113758;68.257764;1784012808
8;2;1;1;fkey;1648193831.377305;66.253085;35952
8;2;1;1;analyze;1648193897.636958;22.126449;73127856
2;2;1;1;copy;1648196305.172689;354.073278;11972234880
2;2;1;1;indexes;1648196659.261828;324.229756;3609292960
2;2;1;1;pkey;1648196983.503906;81.378784;1892981240
2;2;1;1;fkey;1648197064.888720;77.585823;38712
2;2;1;1;analyze;1648197142.481361;33.460575;294512008
16;1;1;1;copy;1648199423.053425;330.189075;11647963528
16;1;1;1;indexes;1648199753.256756;296.058546;3381984000
16;1;1;1;pkey;1648200049.321376;66.611860;1795267248
16;1;1;1;fkey;1648200115.941446;63.784939;36112
16;1;1;1;analyze;1648200179.733023;19.294786;30976336
16;4;1;1;copy;1648202867.764225;325.765400;11442004416
16;4;1;1;indexes;1648203193.544983;291.100139;3331801744
16;4;1;1;pkey;1648203484.656159;65.200948;1758884976
16;4;1;1;fkey;1648203549.865080;63.923430;35488
16;4;1;1;analyze;1648203613.795755;18.957986;25448488
16;8;1;1;copy;1648206290.498383;319.785134;11408381808
16;8;1;1;indexes;1648206610.296773;292.444141;3319091464
16;8;1;1;pkey;1648206902.749247;62.948053;1752506528
16;8;1;1;fkey;1648206965.703948;65.152858;35392
16;8;1;1;analyze;1648207030.863558;19.244511;29504952
8;4;1;1;copy;1648209732.420801;326.332525;11496938144
8;4;1;1;indexes;1648210058.760104;311.780070;3374460312
8;4;1;1;pkey;1648210370.552296;68.593061;1774122664
8;4;1;1;fkey;1648210439.154479;65.488624;35712
8;4;1;1;analyze;1648210504.649870;19.266624;56086952
8;16;1;1;copy;1648212908.253709;326.017484;11446339504
8;16;1;1;indexes;1648213234.279660;311.607644;3359073328
8;16;1;1;pkey;1648213545.899561;68.981733;1766314640
8;16;1;1;fkey;1648213614.889927;65.409195;35568
8;16;1;1;analyze;1648213680.305845;19.069047;56375984
1;64;1;1;copy;1648216091.162350;378.663915;12347200360
1;64;1;1;indexes;1648216469.833872;366.331784;4062294488
1;64;1;1;pkey;1648216836.174506;94.928778;2024961272
1;64;1;1;fkey;1648216931.109449;94.734914;45272
1;64;1;1;analyze;1648217025.851201;48.336814;613490640
8;64;1;1;copy;1648219687.480610;315.455882;11433759792
8;64;1;1;indexes;1648220002.944749;299.000179;3345008216
8;64;1;1;pkey;1648220301.955572;66.853346;1764385928
8;64;1;1;fkey;1648220368.814727;65.099597;35544
8;64;1;1;analyze;1648220433.921021;21.924995;66674792
32;4;1;1;copy;1648222817.904548;319.709977;11428665688
32;4;1;1;indexes;1648223137.630880;291.888607;3310517848
32;4;1;1;pkey;1648223429.530768;58.184531;1749797552
32;4;1;1;fkey;1648223487.721552;331.327242;35280
32;4;1;1;analyze;1648223819.069661;19.703273;12765808
16;16;1;1;copy;1648247779.695540;319.647973;11391646632
16;16;1;1;indexes;1648248099.359731;298.121886;3313978368
16;16;1;1;pkey;1648248397.492940;64.836760;1751426056
16;16;1;1;fkey;1648248462.338440;63.622745;35344
16;16;1;1;analyze;1648248525.967823;19.927783;28213344
32;2;1;1;copy;1648251200.402928;319.956964;11496431104
32;2;1;1;indexes;1648251520.374667;297.757055;3330473416
32;2;1;1;pkey;1648251818.143255;60.954327;1761511304
32;2;1;1;fkey;1648251879.106436;280.143816;35552
32;2;1;1;analyze;1648252159.268649;16.502586;11180096
8;8;1;512;copy;1648276464.838975;263.548810;11462980992
8;8;1;512;indexes;1648276728.394626;290.001527;3358441408
8;8;1;512;pkey;1648277018.406578;59.551293;1768259664
8;8;1;512;fkey;1648277077.963705;65.522549;35616
8;8;1;512;analyze;1648277143.492910;21.359719;62596488
32;8;1;512;copy;1648279557.497581;267.291722;11394915336
32;8;1;512;indexes;1648279824.796325;281.092782;3304031992
32;8;1;512;pkey;1648280105.898752;51.204649;1744629368
32;8;1;512;fkey;1648280157.109353;238.612880;34896
32;8;1;512;analyze;1648280395.738078;16.947368;9441256
1;8;1;512;copy;1648304475.825064;303.293739;12360862744
1;8;1;512;indexes;1648304779.126626;339.482286;4085742696
1;8;1;512;pkey;1648305118.619454;85.424043;2020220552
1;8;1;512;fkey;1648305204.050208;94.773860;45448
1;8;1;512;analyze;1648305298.830920;43.096183;629801672
4;64;1;512;copy;1648308008.082758;263.523756;11566763288
4;64;1;512;indexes;1648308271.613918;290.612815;3425470816
4;64;1;512;pkey;1648308562.237304;62.303451;1797902872
4;64;1;512;fkey;1648308624.546838;69.773327;37952
4;64;1;512;analyze;1648308694.326646;21.819890;135442168
32;1;1;512;copy;1648311064.275655;273.713417;11634208424
32;1;1;512;indexes;1648311338.005319;295.176308;3364458528
32;1;1;512;pkey;1648311633.187749;55.011479;1787578736
32;1;1;512;fkey;1648311688.208496;222.409610;3396224
32;1;1;512;analyze;1648311910.636069;12.853308;8925568
4;1;1;512;copy;1648335823.936666;285.363243;11840028208
4;1;1;512;indexes;1648336109.306971;295.488752;3502068640
4;1;1;512;pkey;1648336404.806850;68.878408;1841026800
4;1;1;512;fkey;1648336473.691099;69.212892;38864
4;1;1;512;analyze;1648336542.910745;22.079875;142321400
1;4;1;512;copy;1648338834.685404;305.554109;12398668016
1;4;1;512;indexes;1648339140.247342;342.562994;4088183368
1;4;1;512;pkey;1648339482.821434;84.074739;2025525288
1;4;1;512;fkey;1648339566.902435;94.692751;45512
1;4;1;512;analyze;1648339661.601983;44.572535;640529384
1;16;1;512;copy;1648342341.030355;302.543752;12341959376
1;16;1;512;indexes;1648342643.582101;345.393598;4072333432
1;16;1;512;pkey;1648342988.989698;83.944433;2016610880
1;16;1;512;fkey;1648343072.941028;93.837340;45320
1;16;1;512;analyze;1648343166.785157;45.618846;637709080
16;64;1;512;copy;1648345883.793354;249.966230;11378953280
16;64;1;512;indexes;1648346133.766899;280.817969;3304677376
16;64;1;512;pkey;1648346414.596000;54.493101;1747985672
16;64;1;512;fkey;1648346469.095460;65.583228;35240
16;64;1;512;analyze;1648346534.685239;20.727744;35278648
1;32;1;512;copy;1648349324.916316;304.311059;12334365536
1;32;1;512;indexes;1648349629.235203;342.484599;4067895960
1;32;1;512;pkey;1648349971.731605;83.062489;2015132792
1;32;1;512;fkey;1648350054.800918;94.007858;45272
1;32;1;512;analyze;1648350148.815556;43.378624;637242064
4;8;1;512;copy;1648352859.716858;263.876631;11596501688
4;8;1;512;indexes;1648353123.600782;284.776260;3433957184
4;8;1;512;pkey;1648353408.388393;63.033311;1802525288
4;8;1;512;fkey;1648353471.427933;68.854525;38048
4;8;1;512;analyze;1648353540.289145;22.576220;136109272
32;32;1;512;copy;1648355835.358040;256.616895;11369853536
32;32;1;512;indexes;1648356091.982189;280.844970;3291782680
32;32;1;512;pkey;1648356372.837026;50.010132;1740793160
32;32;1;512;fkey;1648356422.853293;1862.339901;35088
32;32;1;512;analyze;1648358285.209027;18.802364;14402992
2;4;1;512;copy;1648382430.391874;276.050577;11888182664
2;4;1;512;indexes;1648382706.458872;299.285984;3604616408
2;4;1;512;pkey;1648383005.754691;71.965730;1877532624
2;4;1;512;fkey;1648383077.726432;77.720702;38440
2;4;1;512;analyze;1648383155.453874;29.162876;293687648
4;2;1;512;copy;1648385431.051886;272.046199;11699632744
4;2;1;512;indexes;1648385703.105170;289.158084;3454109488
4;2;1;512;pkey;1648385992.273986;68.235413;1823202784
4;2;1;512;fkey;1648386060.515293;69.956488;3629536
4;2;1;512;analyze;1648386130.478550;23.022968;139468720
16;32;1;512;copy;1648388431.470442;254.709905;11383121296
16;32;1;512;indexes;1648388686.187213;275.385359;3308445456
16;32;1;512;pkey;1648388961.582374;55.438261;1748626256
16;32;1;512;fkey;1648389017.026587;63.920514;35240
16;32;1;512;analyze;1648389080.953735;21.302964;32736368
4;16;1;512;copy;1648391794.917418;263.583537;11579490048
4;16;1;512;indexes;1648392058.508463;281.134395;3429047912
4;16;1;512;pkey;1648392339.654690;61.861276;1799881008
4;16;1;512;fkey;1648392401.522528;68.796978;38000
4;16;1;512;analyze;1648392470.326724;22.730684;135782856
2;1;1;512;copy;1648394774.005595;288.692763;12111076000
2;1;1;512;indexes;1648395062.705714;304.826256;3657186504
2;1;1;512;pkey;1648395367.541465;73.707427;1910672280
2;1;1;512;fkey;1648395441.254846;78.056164;39112
2;1;1;512;analyze;1648395519.317643;30.640037;303035880
32;16;1;512;copy;1648397795.846309;264.850848;11378198672
32;16;1;512;indexes;1648398060.705660;280.213909;3298578160
32;16;1;512;pkey;1648398340.928945;50.523701;1742070008
32;16;1;512;fkey;1648398391.459215;256.190839;34848
32;16;1;512;analyze;1648398647.665110;16.787285;10033824
1;1;1;512;copy;1648422753.488537;308.996873;12624209112
1;1;1;512;indexes;1648423062.493170;343.107004;4159404944
1;1;1;512;pkey;1648423405.610790;91.213662;2061984744
1;1;1;512;fkey;1648423496.830717;94.948423;46328
1;1;1;512;analyze;1648423591.785981;43.337877;652058648
8;32;1;512;copy;1648426248.721465;261.573530;11437775488
8;32;1;512;indexes;1648426510.302312;285.662220;3349778616
8;32;1;512;pkey;1648426795.976364;57.873286;1764371472
8;32;1;512;fkey;1648426853.855958;65.723277;35544
8;32;1;512;analyze;1648426919.585877;19.576506;63736888
1;2;1;512;copy;1648429328.373187;307.025172;12473011888
1;2;1;512;indexes;1648429635.406203;340.935985;4111586992
1;2;1;512;pkey;1648429976.353560;87.257172;2037534336
1;2;1;512;fkey;1648430063.616868;94.357335;45776
1;2;1;512;analyze;1648430157.980900;45.411503;644327992
2;16;1;512;copy;1648432820.637824;277.134505;11836953392
2;16;1;512;indexes;1648433097.780356;302.640453;3590524576
2;16;1;512;pkey;1648433400.431730;70.680619;1869269944
2;16;1;512;fkey;1648433471.118667;78.033977;38248
2;16;1;512;analyze;1648433549.159381;28.109596;289532840
4;32;1;512;copy;1648435879.658111;267.671741;11571002152
4;32;1;512;indexes;1648436147.337134;281.907584;3435128984
4;32;1;512;pkey;1648436429.257373;62.735586;1799197464
4;32;1;512;fkey;1648436491.999816;68.996295;37976
4;32;1;512;analyze;1648436561.003477;20.864433;126452824
2;64;1;512;copy;1648438892.141769;278.437022;11824971976
2;64;1;512;indexes;1648439170.586448;294.129854;3580957296
2;64;1;512;pkey;1648439464.727787;69.985101;1867217040
2;64;1;512;fkey;1648439534.719327;76.565755;38200
2;64;1;512;analyze;1648439611.291930;28.483855;293805424
2;8;1;512;copy;1648441967.326822;278.047084;11854953464
2;8;1;512;indexes;1648442245.381710;300.275290;3594257600
2;8;1;512;pkey;1648442545.667412;70.875062;1872016144
2;8;1;512;fkey;1648442616.548423;78.162761;38320
2;8;1;512;analyze;1648442694.717842;29.304284;290890552
8;1;1;512;copy;1648444977.090186;282.231602;11703703944
8;1;1;512;indexes;1648445259.328580;301.465594;3418875200
8;1;1;512;pkey;1648445560.804101;64.631351;1805393008
8;1;1;512;fkey;1648445625.441327;65.828417;36384
8;1;1;512;analyze;1648445691.276311;21.379225;74005168
32;64;1;512;copy;1648448078.197420;249.301014;11365694296
32;64;1;512;indexes;1648448327.505663;281.340415;3286807704
32;64;1;512;pkey;1648448608.856376;50.907972;1740155432
32;64;1;512;fkey;1648448659.770404;7219.984643;35064
32;64;1;512;analyze;1648455879.770838;22.571087;18168112
4;4;1;512;copy;1648480335.976454;263.052727;11630676408
4;4;1;512;indexes;1648480599.036369;280.793435;3443609528
4;4;1;512;pkey;1648480879.838961;63.065519;1807837256
4;4;1;512;fkey;1648480942.911062;69.103087;38168
4;4;1;512;analyze;1648481012.020779;21.749681;136979008
16;2;1;512;copy;1648483310.646912;267.283138;11509665832
16;2;1;512;indexes;1648483577.937157;283.583619;3352820456
16;2;1;512;pkey;1648483861.529748;57.235700;1768065048
16;2;1;512;fkey;1648483918.771229;63.434424;35704
16;2;1;512;analyze;1648483982.212500;17.459715;25503744
2;32;1;512;copy;1648486654.775567;275.873431;11827243272
2;32;1;512;indexes;1648486930.656518;304.072049;3589097272
2;32;1;512;pkey;1648487234.739671;70.206751;1867901304
2;32;1;512;fkey;1648487304.953112;78.875876;38248
2;32;1;512;analyze;1648487383.835801;29.219454;289149032
8;2;1;512;copy;1648489729.067772;276.402050;11564924264
8;2;1;512;indexes;1648490005.476577;297.285537;3380476184
8;2;1;512;pkey;1648490302.771219;62.018262;1784608008
8;2;1;512;fkey;1648490364.795250;65.702456;35952
8;2;1;512;analyze;1648490430.504366;22.412075;70363600
2;2;1;512;copy;1648492835.620017;280.452641;11961969128
2;2;1;512;indexes;1648493116.079998;304.736988;3619319272
2;2;1;512;pkey;1648493420.827622;71.832948;1888016088
2;2;1;512;fkey;1648493492.666587;78.200350;38656
2;2;1;512;analyze;1648493570.873678;29.641968;299442976
16;1;1;512;copy;1648495830.282243;273.311919;11647781336
16;1;1;512;indexes;1648496103.601302;288.921888;3381931368
16;1;1;512;pkey;1648496392.534713;63.046278;1792743432
16;1;1;512;fkey;1648496455.586787;64.803353;1053696
16;1;1;512;analyze;1648496520.397228;18.765670;32453256
16;4;1;512;copy;1648499217.074339;264.711841;11441828768
16;4;1;512;indexes;1648499481.793228;274.001581;3331849600
16;4;1;512;pkey;1648499755.804442;55.265074;1757644248
16;4;1;512;fkey;1648499811.075496;63.813839;35408
16;4;1;512;analyze;1648499874.895832;17.090845;26564232
16;8;1;512;copy;1648502523.641634;258.903231;11408209392
16;8;1;512;indexes;1648502782.551897;271.303205;3318457464
16;8;1;512;pkey;1648503053.865799;55.261976;1752479760
16;8;1;512;fkey;1648503109.133689;64.012190;35312
16;8;1;512;analyze;1648503173.152506;18.140617;30087360
8;4;1;512;copy;1648505843.929360;266.998197;11496761976
8;4;1;512;indexes;1648506110.934327;289.318362;3370138640
8;4;1;512;pkey;1648506400.264420;60.032086;1774253784
8;4;1;512;fkey;1648506460.302395;65.478369;35736
8;4;1;512;analyze;1648506525.787517;18.978247;60197736
8;16;1;512;copy;1648508926.970909;260.688342;11446165368
8;16;1;512;indexes;1648509187.666129;288.274572;3351443280
8;16;1;512;pkey;1648509475.950310;58.331622;1765665648
8;16;1;512;fkey;1648509534.287817;65.980757;35568
8;16;1;512;analyze;1648509600.275112;19.942597;64575664
1;64;1;512;copy;1648512047.995405;309.794070;12333196960
1;64;1;512;indexes;1648512357.797389;338.496322;4063055600
1;64;1;512;pkey;1648512696.306704;83.002808;2014394552
1;64;1;512;fkey;1648512779.316593;94.147304;45248
1;64;1;512;analyze;1648512873.470633;48.001602;637008824
8;64;1;512;copy;1648515600.427102;257.823389;11433585128
8;64;1;512;indexes;1648515858.257702;273.394884;3345797888
8;64;1;512;pkey;1648516131.662541;55.919827;1763725104
8;64;1;512;fkey;1648516187.588478;64.677379;35488
8;64;1;512;analyze;1648516252.272537;21.132367;66465816
32;4;1;512;copy;1648518685.175866;265.814332;11428495152
32;4;1;512;indexes;1648518950.998015;272.408430;3313087072
32;4;1;512;pkey;1648519223.416428;49.884589;1749770720
32;4;1;512;fkey;1648519273.307320;255.962221;35048
32;4;1;512;analyze;1648519529.284880;16.296262;10149656
16;16;1;512;copy;1648543553.191452;255.673022;11391473072
16;16;1;512;indexes;1648543808.871540;276.500755;3311570056
16;16;1;512;pkey;1648544085.381911;54.939082;1749908888
16;16;1;512;fkey;1648544140.326864;63.821148;35264
16;16;1;512;analyze;1648544204.154716;19.571581;32059720
32;2;1;512;copy;1648546888.203294;265.750784;11496248456
32;2;1;512;indexes;1648547153.970370;287.867996;3333515128
32;2;1;512;pkey;1648547441.850191;51.852010;1760144864
32;2;1;512;fkey;1648547493.708237;233.180539;35184
32;2;1;512;analyze;1648547726.903797;15.560198;9424888
